<?xml version="1.0" encoding="utf-8"?>
<base>
  <alumno>
    <id>1</id>
    <apellido>Apellido1</apellido>
    <nombre>Nombre1</nombre>
    <parcial1>80</parcial1>
    <parcial2>79</parcial2>
    <parcial3>94</parcial3>
    <ext>68</ext>
    <promedio>84.33</promedio>
  </alumno>
  <alumno>
    <id>2</id>
    <apellido>Apellido2</apellido>
    <nombre>Nombre2</nombre>
    <parcial1>63</parcial1>
    <parcial2>52</parcial2>
    <parcial3>93</parcial3>
    <ext>95</ext>
    <promedio>69.33</promedio>
  </alumno>
  <alumno>
    <id>3</id>
    <apellido>Apellido3</apellido>
    <nombre>Nombre3</nombre>
    <parcial1>70</parcial1>
    <parcial2>71</parcial2>
    <parcial3>54</parcial3>
    <ext>68</ext>
    <promedio>65.00</promedio>
  </alumno>
  <alumno>
    <id>4</id>
    <apellido>Apellido4</apellido>
    <nombre>Nombre4</nombre>
    <parcial1>84</parcial1>
    <parcial2>92</parcial2>
    <parcial3>70</parcial3>
    <ext>76</ext>
    <promedio>82.00</promedio>
  </alumno>
  <alumno>
    <id>5</id>
    <apellido>Apellido5</apellido>
    <nombre>Nombre5</nombre>
    <parcial1>59</parcial1>
    <parcial2>81</parcial2>
    <parcial3>93</parcial3>
    <ext>61</ext>
    <promedio>77.67</promedio>
  </alumno>
  <alumno>
    <id>6</id>
    <apellido>Apellido6</apellido>
    <nombre>Nombre6</nombre>
    <parcial1>57</parcial1>
    <parcial2>58</parcial2>
    <parcial3>61</parcial3>
    <ext>81</ext>
    <promedio>81.00</promedio>
  </alumno>
  <alumno>
    <id>7</id>
    <apellido>Apellido7</apellido>
    <nombre>Nombre7</nombre>
    <parcial1>95</parcial1>
    <parcial2>95</parcial2>
    <parcial3>94</parcial3>
    <ext>58</ext>
    <promedio>94.67</promedio>
  </alumno>
  <alumno>
    <id>8</id>
    <apellido>Apellido8</apellido>
    <nombre>Nombre8</nombre>
    <parcial1>78</parcial1>
    <parcial2>67</parcial2>
    <parcial3>51</parcial3>
    <ext>92</ext>
    <promedio>65.33</promedio>
  </alumno>
  <alumno>
    <id>9</id>
    <apellido>Apellido9</apellido>
    <nombre>Nombre9</nombre>
    <parcial1>79</parcial1>
    <parcial2>80</parcial2>
    <parcial3>80</parcial3>
    <ext>99</ext>
    <promedio>79.67</promedio>
  </alumno>
  <alumno>
    <id>10</id>
    <apellido>Apellido10</apellido>
    <nombre>Nombre10</nombre>
    <parcial1>91</parcial1>
    <parcial2>98</parcial2>
    <parcial3>74</parcial3>
    <ext>53</ext>
    <promedio>87.67</promedio>
  </alumno>
  <alumno>
    <id>11</id>
    <apellido>Apellido11</apellido>
    <nombre>Nombre11</nombre>
    <parcial1>85</parcial1>
    <parcial2>99</parcial2>
    <parcial3>89</parcial3>
    <ext>79</ext>
    <promedio>91.00</promedio>
  </alumno>
  <alumno>
    <id>12</id>
    <apellido>Apellido12</apellido>
    <nombre>Nombre12</nombre>
    <parcial1>88</parcial1>
    <parcial2>65</parcial2>
    <parcial3>67</parcial3>
    <ext>95</ext>
    <promedio>73.33</promedio>
  </alumno>
  <alumno>
    <id>13</id>
    <apellido>Apellido13</apellido>
    <nombre>Nombre13</nombre>
    <parcial1>97</parcial1>
    <parcial2>51</parcial2>
    <parcial3>54</parcial3>
    <ext>82</ext>
    <promedio>67.33</promedio>
  </alumno>
  <alumno>
    <id>14</id>
    <apellido>Apellido14</apellido>
    <nombre>Nombre14</nombre>
    <parcial1>53</parcial1>
    <parcial2>68</parcial2>
    <parcial3>99</parcial3>
    <ext>80</ext>
    <promedio>73.33</promedio>
  </alumno>
  <alumno>
    <id>15</id>
    <apellido>Apellido15</apellido>
    <nombre>Nombre15</nombre>
    <parcial1>76</parcial1>
    <parcial2>98</parcial2>
    <parcial3>99</parcial3>
    <ext>54</ext>
    <promedio>91.00</promedio>
  </alumno>
  <alumno>
    <id>16</id>
    <apellido>Apellido16</apellido>
    <nombre>Nombre16</nombre>
    <parcial1>70</parcial1>
    <parcial2>58</parcial2>
    <parcial3>57</parcial3>
    <ext>89</ext>
    <promedio>61.67</promedio>
  </alumno>
  <alumno>
    <id>17</id>
    <apellido>Apellido17</apellido>
    <nombre>Nombre17</nombre>
    <parcial1>96</parcial1>
    <parcial2>94</parcial2>
    <parcial3>79</parcial3>
    <ext>66</ext>
    <promedio>89.67</promedio>
  </alumno>
  <alumno>
    <id>18</id>
    <apellido>Apellido18</apellido>
    <nombre>Nombre18</nombre>
    <parcial1>95</parcial1>
    <parcial2>61</parcial2>
    <parcial3>59</parcial3>
    <ext>65</ext>
    <promedio>71.67</promedio>
  </alumno>
  <alumno>
    <id>19</id>
    <apellido>Apellido19</apellido>
    <nombre>Nombre19</nombre>
    <parcial1>86</parcial1>
    <parcial2>61</parcial2>
    <parcial3>66</parcial3>
    <ext>53</ext>
    <promedio>71.00</promedio>
  </alumno>
  <alumno>
    <id>20</id>
    <apellido>Apellido20</apellido>
    <nombre>Nombre20</nombre>
    <parcial1>77</parcial1>
    <parcial2>92</parcial2>
    <parcial3>97</parcial3>
    <ext>61</ext>
    <promedio>88.67</promedio>
  </alumno>
  <alumno>
    <id>21</id>
    <apellido>Apellido21</apellido>
    <nombre>Nombre21</nombre>
    <parcial1>73</parcial1>
    <parcial2>94</parcial2>
    <parcial3>73</parcial3>
    <ext>92</ext>
    <promedio>80.00</promedio>
  </alumno>
  <alumno>
    <id>22</id>
    <apellido>Apellido22</apellido>
    <nombre>Nombre22</nombre>
    <parcial1>69</parcial1>
    <parcial2>79</parcial2>
    <parcial3>68</parcial3>
    <ext>53</ext>
    <promedio>72.00</promedio>
  </alumno>
  <alumno>
    <id>23</id>
    <apellido>Apellido23</apellido>
    <nombre>Nombre23</nombre>
    <parcial1>53</parcial1>
    <parcial2>78</parcial2>
    <parcial3>55</parcial3>
    <ext>80</ext>
    <promedio>62.00</promedio>
  </alumno>
  <alumno>
    <id>24</id>
    <apellido>Apellido24</apellido>
    <nombre>Nombre24</nombre>
    <parcial1>82</parcial1>
    <parcial2>54</parcial2>
    <parcial3>51</parcial3>
    <ext>90</ext>
    <promedio>62.33</promedio>
  </alumno>
  <alumno>
    <id>25</id>
    <apellido>Apellido25</apellido>
    <nombre>Nombre25</nombre>
    <parcial1>86</parcial1>
    <parcial2>69</parcial2>
    <parcial3>88</parcial3>
    <ext>85</ext>
    <promedio>81.00</promedio>
  </alumno>
  <alumno>
    <id>26</id>
    <apellido>Apellido26</apellido>
    <nombre>Nombre26</nombre>
    <parcial1>51</parcial1>
    <parcial2>70</parcial2>
    <parcial3>80</parcial3>
    <ext>60</ext>
    <promedio>67.00</promedio>
  </alumno>
  <alumno>
    <id>27</id>
    <apellido>Apellido27</apellido>
    <nombre>Nombre27</nombre>
    <parcial1>78</parcial1>
    <parcial2>87</parcial2>
    <parcial3>91</parcial3>
    <ext>54</ext>
    <promedio>85.33</promedio>
  </alumno>
  <alumno>
    <id>28</id>
    <apellido>Apellido28</apellido>
    <nombre>Nombre28</nombre>
    <parcial1>79</parcial1>
    <parcial2>83</parcial2>
    <parcial3>51</parcial3>
    <ext>63</ext>
    <promedio>71.00</promedio>
  </alumno>
  <alumno>
    <id>29</id>
    <apellido>Apellido29</apellido>
    <nombre>Nombre29</nombre>
    <parcial1>73</parcial1>
    <parcial2>98</parcial2>
    <parcial3>59</parcial3>
    <ext>65</ext>
    <promedio>76.67</promedio>
  </alumno>
  <alumno>
    <id>30</id>
    <apellido>Apellido30</apellido>
    <nombre>Nombre30</nombre>
    <parcial1>77</parcial1>
    <parcial2>61</parcial2>
    <parcial3>94</parcial3>
    <ext>61</ext>
    <promedio>77.33</promedio>
  </alumno>
</base>